id,Authority,Contact,contact_email,Contact_name,Indigenous Nation,Land Council,Latitude,Longitude,outfallName,State,Type
Ballina Shire Council,02 6686 7055,reception@jali.com.au,,Bundjalung,Jali Land Council,-28.8221330,153.6083800,Skennars Head (Lennox Head),New South Wales,Ocean
Barwon Water,03 5222 5889 or 0417 593 000,paul@wathcorp.com.au,"Paul Davis, CEO",Wathaurong,Wadawurrung Traditional Owners Aboriginal Corporation,-38.407325,144.200849,Anglesea WRP,Victoria,Ocean
Barwon Water,0429 544 343,marcus.clarke@easternmaar.com.au,Marcus Clarke (CEO),Gadubanud,Eastern Maar Aboriginal Corporation,-38.782708,143.660731,Apollo Bay WRP,Victoria,Ocean
Barwon Water,03 5222 5889 or 0417 593 000,paul@wathcorp.com.au,"Paul Davis, CEO",Wathaurong,Wadawurrung Traditional Owners Aboriginal Corporation,-38.294943,144.423203,Black Rock WRP,Victoria,Ocean
Barwon Water,0429 544 343,marcus.clarke@easternmaar.com.au,Marcus Clarke (CEO),Gadubanud,Eastern Maar Aboriginal Corporation,-38.5177123,143.990331,Lorne WRP,Victoria,Ocean
Bega Shire Council,02 4473 7288,admin@merrimanslalc.org.au,,Yuin,Merrimans Land Council,-36.443817,150.074317,Bermagui,New South Wales,Ocean
Bega Shire Council,02 6495 7177,ceo@edenlalc.org.au,,Bidwell/Yuin,Eden Land Council,-37.067034,149.912484,Eden,New South Wales,Ocean
Bega Shire Council,02 6495 7177,ceo@edenlalc.org.au,,Yuin,Eden Land Council,-36.919651,149.903538,Merimbula,New South Wales,Ocean
Bundaberg Regional Council,0487 345 763,reception@pccctrust.com.au,Lavinia Proctor,Gureng Gureng,"First Nations Bailai, Gurang, Gooreng Gooreng, Taribelang Bunda People Aboriginal Corporation",-24.801857,152.453455,Bargara,Queensland,Ocean
Bundaberg Regional Council,0487 345 763,reception@pccctrust.com.au,Lavinia Proctor,Gureng Gureng,"First Nations Bailai, Gurang, Gooreng Gooreng, Taribelang Bunda People Aboriginal Corporation",-24.86452,152.31683,Millbank,Queensland,River
Bundaberg Regional Council,0487 345 763,reception@pccctrust.com.au,Lavinia Proctor,Gureng Gureng,"First Nations Bailai, Gurang, Gooreng Gooreng, Taribelang Bunda People Aboriginal Corporation",-24.79641,152.38258,Rubyanna,Queensland,Ocean
Cairns Regional Council,07 4421 5700,reception@nqlc.com.au,,Yidinjdji,North Queensland Land Council,-16.99084,145.76284,Edmonton,Queensland,Estuarine
Cairns Regional Council,07 4421 5700,reception@nqlc.com.au,,Yidinjdji/Djabuganjdji,North Queensland Land Council,-16.8271,145.70909,Marlin Coast,Queensland,River
Cairns Regional Council,07 4421 5700,reception@nqlc.com.au,,Yidinjdji,North Queensland Land Council,-16.96163,145.76835,Southern WWTP (Woree),Queensland,River
Cassowary Coast Regional Council,07 4421 5700,reception@nqlc.com.au,,Djirbalngan,North Queensland Land Council,-17.53597,146.06157,Innisfail,Queensland,River
Central Coast Council,02 4351 2930,darkinjung@dlalc.org.au,,Kuring-gai,Darkinjung Land Council,-33.283167,151.577733,Norah Head (Toukley),New South Wales,Ocean
Central Coast Council,02 4351 2930,darkinjung@dlalc.org.au,,Kuring-gai,Darkinjung Land Council,-33.476843,151.441388,Winney Bay,New South Wales,Ocean
Central Coast Council,02 4351 2930,darkinjung@dlalc.org.au,,Kuring-gai,Darkinjung Land Council,-33.384367,151.486467,Wonga Point (Bateau Bay),New South Wales,Ocean
City Of Gold Coast,07 3224 1200,reception@qsnts.com.au,,Bundjalung,Queensland South Native Title Services Limited,-27.93403,153.42633,Coombabah,Queensland,Ocean
City Of Gold Coast,07 3224 1200,reception@qsnts.com.au,,Bundjalung,Queensland South Native Title Services Limited,-27.935735,153.428719,Elanora,Queensland,Ocean
City Of Gold Coast,07 3224 1200,reception@qsnts.com.au,,Bundjalung,Queensland South Native Title Services Limited,-27.93601,153.42948,Merrimac,Queensland,Ocean
City West Water,N/A,,,Wathaurong,N/A,-37.872,144.79,Altona,Victoria,Ocean
Clarence Valley Council,02 6646 1664,ceo@birrigangargle.org.au,,Gumbainggir,Birrigan Gargle Land Council,-29.419597,153.3482,Iluka,New South Wales,Ocean
Clarence Valley Council,02 6646 1664,ceo@birrigangargle.org.au,,Gumbainggir,Birrigan Gargle Land Council,-29.420279,153.348073,Yamba,New South Wales,Ocean
Coffs Harbour City Council,02 6652 8740,admin@coffsharbourlalc.com.au,,Gumbainggir,Coffs Harbour Land Council,-30.3227661,153.1319916,Coffs Harbour,New South Wales,Ocean
Douglas Shire Council,07 4421 5700,reception@nqlc.com.au,,Djabuganjdji,North Queensland Land Council,-16.49345,145.45983,Port Douglas,Queensland,Estuarine
Eurobodalla Shire Council,02 6777 1100,bblalc@bigpond.com,,Yuin,Batemans Bay Land Council,-35.762848,150.2192163,Batemans Bay,New South Wales,Ocean
Eurobodalla Shire Council,02 4474 5229,mogolalc2@gmail.com,,Yuin,Mogo Land Council,-35.835183,150.208117,Long Nose (Tomakin),New South Wales,Ocean
Eurobodalla Shire Council,02 4476 1144,wlalc@bigpond.net.au,,Yuin,Wagonga Land Council,-36.19315,150.1342,Narooma,New South Wales,Ocean
Gippsland Water,03 5152 5100,reception@glawac.com.au,,Kurnai,Gunaikurnai Land and Waters Aboriginal Corporation,-38.232825,147.384186,Delray Beach,Victoria,Ocean
Gippsland Water,03 5152 5100,reception@glawac.com.au,,Kurnai,Gunaikurnai Land and Waters Aboriginal Corporation,-38.4485831,147.1026041,McGaurans Beach,Victoria,Ocean
Gladstone Regional Council,0487 345 763,reception@pccctrust.com.au,Lavinia Proctor,Gureng Gureng/Bayali,"First Nations Bailai, Gurang, Gooreng Gooreng, Taribelang Bunda People Aboriginal Corporation",-23.84,151.2206,Gladstone,Queensland,Estuarine
Gladstone Regional Council,0487 345 763,reception@pccctrust.com.au,Lavinia Proctor,Gureng Gureng/Bayali,"First Nations Bailai, Gurang, Gooreng Gooreng, Taribelang Bunda People Aboriginal Corporation",-23.9047,151.2996,South Trees Inlet,Queensland,Estuarine
Gympie Regional Council,07 3224 1200,gubbigubbiinfo@gmail.com,,Gubbi Gubbi,Queensland South Native Title Services Limited,-25.91758,152.99361,Tin Can Bay,Queensland,Estuarine
Hinchinbrook Shire Council,07 4042 7000,reception@nqlc.com.au,,Nyawaygi,North Queensland Land Council,-18.52356,146.32809,Lucinda,Queensland,Ocean
Hunter Water,02 4971 4800,carolbahtlalc@hotmail.com,,Awabakal,Bahtabah Land Council,-33.05695,151.677767,Belmont,New South Wales,Ocean
Hunter Water,02 4033 8800,reception@worimi.org.au,,Worimi,Worimi Land Council,-32.763967,152.16125,Boulder Bay,New South Wales,Ocean
Hunter Water,02 4965 4532,reception@awabakallalc.com.au,,Awabakal,Awabakal Land Council,-32.970283,151.747217,Burwood beach (Newcastle),New South Wales,Ocean
Kempsey Shire Council,02 6562 8971,klalc1@bigpond.com,,Dainggatti,Kempsey Land Council,-31.182264,152.969025,Crescent Head,New South Wales,Ocean
Logan Water,07 3224 1200,reception@qsnts.com.au,,Bundjalung/Yuggera,Queensland South Native Title Services Limited,-27.71162,153.22953,Beenleigh,Queensland,River
Logan Water,07 3224 1200,reception@qsnts.com.au,,Yuggera,Queensland South Native Title Services Limited,-27.6871,153.2034,Loganholme,Queensland,River
Mackay Regional Council,07 4042 7000,reception@nqlc.com.au,,Yuwi,North Queensland Land Council,-21.02161,149.13172,Mackay North (Bucasia),Queensland,River
Mackay Regional Council,07 4042 7000,reception@nqlc.com.au,,Yuwi,North Queensland Land Council,-21.20573,149.12505,Mackay Southern,Queensland,River
Melbourne Water,03 9770 1273,admin@bunuronglc.org.au,"Dan Turnbull, CEO",Boonwurrung,Bunurong Land Council Aboriginal Corporation,-38.440322,144.847849,Boags Rock (ETP),Victoria,Ocean
Melbourne Water,N/A,,,Wathaurong,N/A,-38.011269,144.581825,Werribee (Port Phillip Bay),Victoria,Ocean
MidCoast Council,02 6555 5411,ceo@forsterlalc.org.au,,Worimi,Forster Land Council,-32.2331944,152.5577024,Forster,New South Wales,Ocean
Port Arthur Historical Site Management Authority,03 6234 0700,hobart@tacinc.com.au,"Dave Warrener, President",Paredarerme,Tasmanian Aboriginal Corporation,-43.144301,147.8584,Port Arthur,Tasmania,Estuarine
Port Macquarie-Hastings Shire,02 6584 9066,birpailalc@midcoast.com.au,,Biripi,Birpai Land Council,-31.662974,152.8221987,Camden Haven,New South Wales,Ocean
Power and Water Corporation,08 8920 5100,reception@nlc.org.au,,Larrakia,Northern Land Council,-12.459168,130.913019,Berrimah,Northern Territory,Ocean
Power and Water Corporation,08 8920 5100,reception@nlc.org.au,,Yolngu,Northern Land Council,-12.047481,135.592878,Galiwinku,Northern Territory,Ocean
Power and Water Corporation,08 8920 5100,reception@nlc.org.au,,Larrakia,Northern Land Council,-12.3589,130.9106,Leanyer Sanderson,Northern Territory,Ocean
Power and Water Corporation,08 8920 5100,reception@nlc.org.au,,Larrakia,Northern Land Council,-12.4015,130.8223,Ludmilla,Northern Territory,Ocean
Power and Water Corporation,08 8920 5100,reception@nlc.org.au,,Nakara,Northern Land Council,-12.03668,134.22955,Maningrida,Northern Territory,Ocean
Power and Water Corporation,08 8997 0797,office@tiwilandcouncil.com,,Tiwi,Tiwi Land Council,-11.43029,130.68298,Milikapiti,Northern Territory,Ocean
Power and Water Corporation,08 8920 5100,reception@nlc.org.au,,Yolngu,Northern Land Council,-12.113603,134.918425,Milingimbi,Northern Territory,Ocean
Power and Water Corporation,08 8987 4006,admin@alcnt.com.au,,Warnindilyakwa,Anindilyakwa Land Council,-13.771056,136.201676,Milyakburra,Northern Territory,Ocean
Power and Water Corporation,08 8920 5100,reception@nlc.org.au,,Iwaidja,Northern Land Council,-11.1388,132.57836,Minjilang,Northern Territory,Ocean
Power and Water Corporation,08 8920 5100,reception@nlc.org.au,,Larrakia,Northern Land Council,-12.5037,130.94861,Palmerston,Northern Territory,Ocean
Power and Water Corporation,08 8997 0797,office@tiwilandcouncil.com,,Tiwi,Tiwi Land Council,-11.413302,130.419234,Pirlangimpi,Northern Territory,Ocean
Power and Water Corporation,08 8920 5100,reception@nlc.org.au,,Maung,Northern Land Council,-11.66129,133.40197,Warruwi,Northern Territory,Ocean
Power and Water Corporation,08 8997 0797,office@tiwilandcouncil.com,,Tiwi,Tiwi Land Council,-11.75034,130.62814,Wurrumiyanga,Northern Territory,Ocean
Power and Water Corporation,08 8920 5100,reception@nlc.org.au,,Yolngu,Northern Land Council,-12.262541,136.901749,Yirrkala,Northern Territory,Ocean
Queensland Urban Utilities,07 3224 1200,reception@qsnts.com.au,,Yuggera,Queensland South Native Title Services Limited,-27.58692,152.81226,Bundamba,Queensland,River
Queensland Urban Utilities,07 3224 1200,reception@qsnts.com.au,,Yuggera,Queensland South Native Title Services Limited,-27.60202,152.90603,Carole Park,Queensland,River
Queensland Urban Utilities,07 3224 1200,reception@qsnts.com.au,,Yuggera,Queensland South Native Title Services Limited,-27.50534,153.01344,Fairfield,Queensland,River
Queensland Urban Utilities,07 3224 1200,reception@qsnts.com.au,,Yuggera,Queensland South Native Title Services Limited,-27.4369,153.1175,Gibson Island,Queensland,River
Queensland Urban Utilities,07 3224 1200,reception@qsnts.com.au,,Yuggera,Queensland South Native Title Services Limited,-27.5907,152.88829,Goodna,Queensland,River
Queensland Urban Utilities,07 3224 1200,reception@qsnts.com.au,,Yuggera,Queensland South Native Title Services Limited,-27.5401,152.83445,Karana Downs,Queensland,River
Queensland Urban Utilities,07 3224 1200,reception@qsnts.com.au,,Yuggera,Queensland South Native Title Services Limited,-27.37799,153.16026,Luggage Point,Queensland,Ocean
Queensland Urban Utilities,07 3224 1200,reception@qsnts.com.au,,Yuggera,Queensland South Native Title Services Limited,-27.54463,152.9736,Oxley,Queensland,River
Queensland Urban Utilities,07 3224 1200,reception@qsnts.com.au,,Yuggera,Queensland South Native Title Services Limited,-27.33001,153.0732,Sandgate,Queensland,River
Queensland Urban Utilities,07 3224 1200,reception@qsnts.com.au,,Yuggera,Queensland South Native Title Services Limited,-27.581227,152.895006,Wacol,Queensland,River
Queensland Urban Utilities,07 3224 1200,reception@qsnts.com.au,,Yuggera,Queensland South Native Title Services Limited,-27.41533,153.16896,Wynnum,Queensland,Ocean
Redland City Council,07 3224 1200,reception@qsnts.com.au,,Yuggera,Queensland South Native Title Services Limited,-27.51698,153.1968,Capalaba,Queensland,River
Redland City Council,07 3224 1200,reception@qsnts.com.au,,Yuggera,Queensland South Native Title Services Limited,-27.48409,153.18854,Thorneside,Queensland,River
Redland City Council,07 3224 1200,reception@qsnts.com.au,,Yuggera,Queensland South Native Title Services Limited,-27.579712,153.29122,Victoria Point,Queensland,River
Rockhampton Regional Council,07 4093 8116,admin@darumbal.com.au,,Darumbal,Darumbal People Aboriginal Corporation,-23.3782,150.5183,North Rockhampton,Queensland,River
Rockhampton Regional Council,07 4093 8116,admin@darumbal.com.au,,Darumbal,Darumbal People Aboriginal Corporation,-23.3932,150.5296,South Rockhampton,Queensland,River
Rockhampton Regional Council,07 4093 8116,admin@darumbal.com.au,,Darumbal,Darumbal People Aboriginal Corporation,-23.36078,150.49501,West Rockhampton,Queensland,River
Shoalhaven Water,02 4447 4355,jlalc@bigpond.com,,Tharawal,Jerrinja Land Council,-34.9316,150.783483,Penguin Heads,New South Wales,Ocean
Shoalhaven Water,02 4455 5883,admin@ulladullalalc.com.au,,Yuin,Ulladulla Land Council,-35.3777,150.469167,Ulladulla,New South Wales,Ocean
South Australian Water Corporation,08 8100 2800,tomj@nativetitlesa.org,Tania Tailor,Kaurna,Kaurna Yerta Aboriginal Corporation,-34.725964,138.467493,Bolivar High Salinity,South Australia,Ocean
South Australian Water Corporation,08 8100 2800,tomj@nativetitlesa.org,Tania Tailor,Kaurna,Kaurna Yerta Aboriginal Corporation,-34.725964,138.467227,Bolivar WWTP,South Australia,Ocean
South Australian Water Corporation,08 8100 2800,tomj@nativetitlesa.org,Tania Tailor,Kaurna,Kaurna Yerta Aboriginal Corporation,-35.125866,138.462347,Christies Beach-Northern,South Australia,Ocean
South Australian Water Corporation,08 8100 2800,tomj@nativetitlesa.org,Tania Tailor,Kaurna,Kaurna Yerta Aboriginal Corporation,-35.126478,138.465546,Christies Beach-Southern,South Australia,Ocean
South Australian Water Corporation,N/A,N/A,N/A,Buandig,First Nations of the South East,-38.050679,140.649617,Finger Point,South Australia,Ocean
South Australian Water Corporation,08 8100 2800,tomj@nativetitlesa.org,Tania Tailor,Kaurna,Kaurna Yerta Aboriginal Corporation,-34.963133,138.50393,Glenelg,South Australia,Ocean
South Australian Water Corporation,08 8210 1247,Barngarlacontact@gmail.com,Mr Leslie (Lez) Taylor,Nukunu,Barngarla Determination Aboriginal Corporation,-32.53543,137.779488,Port Augusta East,South Australia,Ocean
South Australian Water Corporation,08 8210 1247,Barngarlacontact@gmail.com,Mr Leslie (Lez) Taylor,Narangga,Barngarla Determination Aboriginal Corporation,-34.750682,135.89514,Port Lincoln,South Australia,Ocean
South Australian Water Corporation,0400 953 516,timw@internode.on.net,Timothy Wooley,Nukunu,Nukunu Wapma Thura (Aboriginal Corporation),-33.182087,137.967354,Port Pirie,South Australia,Ocean
South Australian Water Corporation,08 8210 1247,Barngarlacontact@gmail.com,Mr Leslie (Lez) Taylor,Banggarla,Barngarla Determination Aboriginal Corporation,-33.05816,137.552655,Whyalla,South Australia,Ocean
South East Water,03 9770 1273,admin@bunuronglc.org.au,"Dan Turnbull, CEO",Boonwurrung,Bunurong Land Council Aboriginal Corporation,-38.440278,144.847781,Boags Rock (Boneo),Victoria,Ocean
South Gippsland Water,03 5152 5100,reception@glawac.com.au,,Boonwurrung,Gunaikurnai Land and Waters Aboriginal Corporation,-38.6043608,145.5273781,Baxter's Beach,Victoria,Ocean
South Gippsland Water,N/A,,,Boonwurrung,N/A,-38.696084,146.23672,Foster,Victoria,Ocean
South Gippsland Water,03 5152 5100,reception@glawac.com.au,,Kurnai,Gunaikurnai Land and Waters Aboriginal Corporation,-38.703567,146.462555,Port Welshpool,Victoria,Ocean
South Gippsland Water,03 5152 5100,reception@glawac.com.au,,Kurnai,Gunaikurnai Land and Waters Aboriginal Corporation,-38.675741,146.339733,Toora,Victoria,Ocean
Sydney Water,02 4226 3338,ceo@ilalc.org.au,,Tharawal,Illawarra Land Council,-34.372067,150.928433,Bellambi,New South Wales,Ocean
Sydney Water,02 4226 3338,ceo@ilalc.org.au,,Tharawal,Illawarra Land Council,-34.653117,150.8617,Bombo,New South Wales,Ocean
Sydney Water,02 8394 9666,metrolalc@metrolalc.org.au,,Eora,Metropolitan Land Council,-33.8945,151.306667,Bondi,New South Wales,Ocean
Sydney Water,02 4226 3338,ceo@ilalc.org.au,,Tharawal,Illawarra Land Council,-34.443686,150.909561,Coniston Beach (Wollongong),New South Wales,Ocean
Sydney Water,02 8394 9666,metrolalc@metrolalc.org.au,,Eora,Metropolitan Land Council,-33.863317,151.283347,Diamond Bay North,New South Wales,Ocean
Sydney Water,02 8394 9666,metrolalc@metrolalc.org.au,,Eora,Metropolitan Land Council,-33.865249,151.283918,Diamond Bay South,New South Wales,Ocean
Sydney Water,02 9311 4282,admin@laperouse.org.au,,Eora/Tharawal,La Perouse Land Council,-33.987,151.306667,Malabar,New South Wales,Ocean
Sydney Water,02 8394 9666,metrolalc@metrolalc.org.au,,Kuring-gai,Metropolitan Land Council,-33.8245,151.3505,North Head,New South Wales,Ocean
Sydney Water,02 4226 3338,ceo@ilalc.org.au,,Tharawal,Illawarra Land Council,-34.495333,150.920583,Port Kembla,New South Wales,Ocean
Sydney Water,02 9311 4282,admin@laperouse.org.au,,Tharawal,La Perouse Land Council,-34.043083,151.212333,Potter Point (Cronulla),New South Wales,Ocean
Sydney Water,02 4226 3338,ceo@ilalc.org.au,,Tharawal,Illawarra Land Council,-34.563683,150.87365,Shellharbour,New South Wales,Ocean
Sydney Water,02 8394 9666,metrolalc@metrolalc.org.au,,Eora,Metropolitan Land Council,-33.857185,151.286052,Vaucluse,New South Wales,Ocean
Sydney Water,02 8394 9666,metrolalc@metrolalc.org.au,,Kuring-gai,Metropolitan Land Council,-33.69805,151.311883,Warriewood,New South Wales,Ocean
TasWater,03 6332 3800,launceston@tacinc.com.au,"Dave Warrener, President",Tyerrernotepanner,Tasmanian Aboriginal Corporation,-41.189779,146.821607,Beaconsfield,Tasmania,Estuarine
TasWater,03 6332 3800,launceston@tacinc.com.au,"Dave Warrener, President",Tyerrernotepanner,Tasmanian Aboriginal Corporation,-41.145239,146.80228,Beauty Point,Tasmania,Estuarine
TasWater,03 6332 3800,launceston@tacinc.com.au,"Dave Warrener, President",Paredarerme,Tasmanian Aboriginal Corporation,-41.8381058,148.2580678,Bicheno,Tasmania,Estuarine
TasWater,03 6234 0700,hobart@tacinc.com.au,"Dave Warrener, President",Nuenonne,Tasmanian Aboriginal Corporation,-43.015799,147.329572,Blackmans Bay,Tasmania,River
TasWater,03 6436 4100,burnie@tacinc.com.au,"Dave Warrener, President",Peerapper,Tasmanian Aboriginal Corporation,-40.9275354,145.6176163,Boat Harbour,Tasmania,Ocean
TasWater,03 6234 0700,hobart@tacinc.com.au,"Dave Warrener, President",Paredarerme,Tasmanian Aboriginal Corporation,-42.74327,147.239205,Bridgewater,Tasmania,Estuarine
TasWater,03 6436 4100,burnie@tacinc.com.au,"Dave Warrener, President",Pyemmairrener,Tasmanian Aboriginal Corporation,-40.979509,147.385771,Bridport,Tasmania,Ocean
TasWater,03 6234 0700,hobart@tacinc.com.au,"Dave Warrener, President",Paredarerme,Tasmanian Aboriginal Corporation,-42.8375668,147.5140404,Cambridge/airport,Tasmania,River
TasWater,03 6234 0700,hobart@tacinc.com.au,"Dave Warrener, President",Nuenonne,Tasmanian Aboriginal Corporation,-42.8088782,147.2592944,Cameron Bay,Tasmania,Estuarine
TasWater,N/A,,,N/A,N/A,-39.9330229,143.8355263,Currie,Tasmania,Ocean
TasWater,03 6234 0700,hobart@tacinc.com.au,"Dave Warrener, President",Nuenonne,Tasmanian Aboriginal Corporation,-43.1686294,147.091641,Cygnet,Tasmania,Estuarine
TasWater,03 6234 0700,hobart@tacinc.com.au,"Dave Warrener, President",Nuenonne,Tasmanian Aboriginal Corporation,-43.315851,147.033395,Dover,Tasmania,Ocean
TasWater,03 6436 4100,burnie@tacinc.com.au,"Dave Warrener, President",Toogee,Tasmanian Aboriginal Corporation,-42.152936,145.3112,East Strahan,Tasmania,Ocean
TasWater,03 6234 0700,hobart@tacinc.com.au,"Dave Warrener, President",Nuenonne,Tasmanian Aboriginal Corporation,-43.054599,147.268836,Electrona,Tasmania,Estuarine
TasWater,03 6234 0700,hobart@tacinc.com.au,"Dave Warrener, President",Nuenonne,Tasmanian Aboriginal Corporation,-43.163586,146.936446,Geeveston,Tasmania,Estuarine
TasWater,03 6332 3800,launceston@tacinc.com.au,"Dave Warrener, President",Tyerrernotepanner,Tasmanian Aboriginal Corporation,-41.127335,146.831461,George Town,Tasmania,Estuarine
TasWater,03 6332 3800,launceston@tacinc.com.au,"Dave Warrener, President",Tyerrernotepanner,Tasmanian Aboriginal Corporation,-41.438054,147.169998,Hoblers Bridge,Tasmania,River
TasWater,03 6436 4100,burnie@tacinc.com.au,"Dave Warrener, President",Tommeginne,Tasmanian Aboriginal Corporation,-41.1632,146.3924,Latrobe (see Pardoe),Tasmania,Ocean
TasWater,03 6332 3800,launceston@tacinc.com.au,"Dave Warrener, President",Tyerrernotepanner,Tasmanian Aboriginal Corporation,-41.361009,147.062338,Legana,Tasmania,River
TasWater,03 6234 0700,hobart@tacinc.com.au,"Dave Warrener, President",Nuenonne,Tasmanian Aboriginal Corporation,-42.877707,147.34124,Macquarie Point,Tasmania,River
TasWater,03 6234 0700,hobart@tacinc.com.au,"Dave Warrener, President",Nuenonne,Tasmanian Aboriginal Corporation,-43.025778,147.278198,Margate,Tasmania,Estuarine
TasWater,03 6234 0700,hobart@tacinc.com.au,"Dave Warrener, President",Paredarerme,Tasmanian Aboriginal Corporation,-42.793141,147.563723,Midway Point,Tasmania,Estuarine
TasWater,03 6332 3800,launceston@tacinc.com.au,"Dave Warrener, President",Tyerrernotepanner,Tasmanian Aboriginal Corporation,-41.39715,147.115357,Newnham,Tasmania,Estuarine
TasWater,03 6234 0700,hobart@tacinc.com.au,"Dave Warrener, President",Paredarerme,Tasmanian Aboriginal Corporation,-42.571303,147.90913,Orford,Tasmania,Ocean
TasWater,03 6436 4100,burnie@tacinc.com.au,"Dave Warrener, President",Tommeginne,Tasmanian Aboriginal Corporation,-41.1632,146.3924,Pardoe (Devonport),Tasmania,Ocean
TasWater,03 6436 4100,burnie@tacinc.com.au,"Dave Warrener, President",Tommeginne,Tasmanian Aboriginal Corporation,-41.124623,146.541082,Port Sorell,Tasmania,Ocean
TasWater,03 6234 0700,hobart@tacinc.com.au,"Dave Warrener, President",Nuenonne,Tasmanian Aboriginal Corporation,-42.825574,147.306624,Prince of Wales Bay,Tasmania,River
TasWater,03 6234 0700,hobart@tacinc.com.au,"Dave Warrener, President",Paredarerme,Tasmanian Aboriginal Corporation,-42.745338,147.443525,Richmond,Tasmania,River
TasWater,03 6234 0700,hobart@tacinc.com.au,"Dave Warrener, President",Paredarerme,Tasmanian Aboriginal Corporation,-42.81904,147.319887,Risdon (east),Tasmania,River
TasWater,03 6332 3800,launceston@tacinc.com.au,"Dave Warrener, President",Tyerrernotepanner,Tasmanian Aboriginal Corporation,-41.418565,147.115579,Riverside,Tasmania,River
TasWater,03 6234 0700,hobart@tacinc.com.au,"Dave Warrener, President",Paredarerme,Tasmanian Aboriginal Corporation,-42.919098,147.409009,Rokeby,Tasmania,River
TasWater,03 6234 0700,hobart@tacinc.com.au,"Dave Warrener, President",Paredarerme,Tasmanian Aboriginal Corporation,-42.87638,147.351322,Rosny,Tasmania,River
TasWater,03 6436 4100,burnie@tacinc.com.au,"Dave Warrener, President",Tommeginne,Tasmanian Aboriginal Corporation,-41.063287,145.944437,Round Hill,Tasmania,Ocean
TasWater,03 6234 0700,hobart@tacinc.com.au,"Dave Warrener, President",Nuenonne,Tasmanian Aboriginal Corporation,-42.846898,147.328893,Selfs Point,Tasmania,River
TasWater,03 6436 4100,burnie@tacinc.com.au,"Dave Warrener, President",Peerapper,Tasmanian Aboriginal Corporation,-40.913201,145.564854,Sisters Beach,Tasmania,Ocean
TasWater,03 6436 4100,burnie@tacinc.com.au,"Dave Warrener, President",Peerapper,Tasmanian Aboriginal Corporation,-40.823903,145.101634,Smithton,Tasmania,Estuarine
TasWater,03 6436 4100,burnie@tacinc.com.au,"Dave Warrener, President",Tommeginne/Peerapper,Tasmanian Aboriginal Corporation,-41.025887,145.805429,Somerset,Tasmania,Ocean
TasWater,03 6234 0700,hobart@tacinc.com.au,"Dave Warrener, President",Paredarerme,Tasmanian Aboriginal Corporation,-42.793141,147.563723,Sorell,Tasmania,Estuarine
TasWater,03 6332 3800,launceston@tacinc.com.au,"Dave Warrener, President",Pyemmairrener,Tasmanian Aboriginal Corporation,-41.32379,148.261171,St Helens,Tasmania,Estuarine
TasWater,03 6436 4100,burnie@tacinc.com.au,"Dave Warrener, President",Peerapper,Tasmanian Aboriginal Corporation,-40.749472,145.297356,Stanley,Tasmania,Ocean
TasWater,03 6234 0700,hobart@tacinc.com.au,"Dave Warrener, President",Paredarerme,Tasmanian Aboriginal Corporation,-42.127986,148.058814,Swansea,Tasmania,Ocean
TasWater,03 6332 3800,launceston@tacinc.com.au,"Dave Warrener, President",Tyerrernotepanner,Tasmanian Aboriginal Corporation,-41.41684,147.121777,Ti-tree Bend,Tasmania,River
TasWater,03 6234 0700,hobart@tacinc.com.au,"Dave Warrener, President",Paredarerme,Tasmanian Aboriginal Corporation,-42.503793,147.920748,Triabunna,Tasmania,River
TasWater,03 6436 4100,burnie@tacinc.com.au,"Dave Warrener, President",Tommeginne,Tasmanian Aboriginal Corporation,-41.166492,146.251062,Turners Beach,Tasmania,Estuarine
TasWater,03 6436 4100,burnie@tacinc.com.au,"Dave Warrener, President",Tommeginne,Tasmanian Aboriginal Corporation,-41.141155,146.161142,Ulverstone,Tasmania,Ocean
TasWater,03 6436 4100,burnie@tacinc.com.au,"Dave Warrener, President",Peerapper,Tasmanian Aboriginal Corporation,-40.995733,145.759784,Wynyard,Tasmania,Ocean
Townsville Regional Council,07 4042 7000,reception@nqlc.com.au,,Gugu-Badhun,North Queensland Land Council,-19.28838,146.864,Cleveland Bay,Queensland,Ocean
Townsville Regional Council,07 4042 7000,reception@nqlc.com.au,,Gugu-Badhun,North Queensland Land Council,-19.2476,146.7488,Mt St John,Queensland,River
Unity Water,07 3224 1200,gubbigubbiinfo@gmail.com,,Yuggera,Queensland South Native Title Services Limited,-27.14847,153.03356,Burpengary East,Queensland,Estuarine
Unity Water,07 3224 1200,gubbigubbiinfo@gmail.com,,Yuggera/Gubbi Gubbi,Queensland South Native Title Services Limited,-27.09525,152.97011,Caboolture South,Queensland,River
Unity Water,07 3224 1200,gubbigubbiinfo@gmail.com,,Gubbi Gubbi,Queensland South Native Title Services Limited,-26.57877,153.06701,Coolum,Queensland,River
Unity Water,07 3224 1200,gubbigubbiinfo@gmail.com,,Gubbi Gubbi,Queensland South Native Title Services Limited,-26.730678,153.143303,Kawana,Queensland,Ocean
Unity Water,07 3224 1200,gubbigubbiinfo@gmail.com,,Gubbi Gubbi,Queensland South Native Title Services Limited,-26.73071,153.14377,Landsborough,Queensland,Ocean
Unity Water,07 3224 1200,gubbigubbiinfo@gmail.com,,Gubbi Gubbi,Queensland South Native Title Services Limited,-26.63958,153.06081,Maroochydore,Queensland,River
Unity Water,07 3224 1200,gubbigubbiinfo@gmail.com,,Yuggera,Queensland South Native Title Services Limited,-27.27061,152.99809,Murrumba Downs,Queensland,River
Unity Water,07 3224 1200,gubbigubbiinfo@gmail.com,,Gubbi Gubbi,Queensland South Native Title Services Limited,-26.639465,153.06037,Nambour,Queensland,River
Unity Water,07 3224 1200,gubbigubbiinfo@gmail.com,,Yuggera/Gubbi Gubbi,Queensland South Native Title Services Limited,-27.25013,153.06895,Redcliffe,Queensland,Estuarine
Veolia Water,07 3224 1200,reception@qsnts.com.au,,Yuggera,Queensland South Native Title Services Limited,-27.38642,153.149029,Luggage Point Advanced,Queensland,Ocean
Wannon Water,0429 544 343,marcus.clarke@easternmaar.com.au,Marcus Clarke (CEO),Gunditjmara,Eastern Maar Aboriginal Corporation,-38.39760566,142.2445026,Port Fairy Domestic WRP,Victoria,Ocean
Wannon Water,03 5527 1427,reception@gunditjmirring.com,,Gunditjmara,Gunditj Mirring Traditional Owners Aboriginal Corporation,-38.3830738,141.5970482,Portland,Victoria,Ocean
Wannon Water,0429 544 343,marcus.clarke@easternmaar.com.au,Marcus Clarke (CEO),Gunditjmara,Eastern Maar Aboriginal Corporation,-38.39569873,142.4570704,Warrnambool WRP,Victoria,Ocean
Water Corporation,08 9358 7400,reception@noongar.org.au,,Wajuk,South West Aboriginal Land and Sea Council Aboriginal Corporation,-31.61679,115.624254,Alkimos,Western Australia,Ocean
Water Corporation,08 9358 7400,reception@noongar.org.au,,Wajuk,South West Aboriginal Land and Sea Council Aboriginal Corporation,-31.763111,115.711619,Beenyup,Western Australia,Ocean
Water Corporation,08 9358 7400,reception@noongar.org.au,,Wardandi/Kaniyang,South West Aboriginal Land and Sea Council Aboriginal Corporation,-33.37934,115.603853,Bunbury,Western Australia,Ocean
Water Corporation,08 9358 7400,reception@noongar.org.au,,Wardandi,South West Aboriginal Land and Sea Council Aboriginal Corporation,-33.650636,115.323845,Busselton (North Wetlands),Western Australia,Ocean
Water Corporation,08 9358 7400,reception@noongar.org.au,,Wardandi,South West Aboriginal Land and Sea Council Aboriginal Corporation,-33.660418,115.323078,Busselton (South Wetlands),Western Australia,Ocean
Water Corporation,N/A,,,N/A,N/A,-10.432289,105.661503,Christmas Island,Western Australia,Ocean
Water Corporation,08 9358 7400,reception@noongar.org.au,,Wajuk,South West Aboriginal Land and Sea Council Aboriginal Corporation,-32.290009,115.650944,East Rockingham,Western Australia,Ocean
Water Corporation,N/A,,,N/A,N/A,-12.110673,96.893388,Home Island,Western Australia,Ocean
Water Corporation,08 9358 7400,reception@noongar.org.au,,Wajuk,South West Aboriginal Land and Sea Council Aboriginal Corporation,-32.279063,115.680574,Point Peron,Western Australia,Ocean
Water Corporation,08 9358 7400,reception@noongar.org.au,,Wajuk,South West Aboriginal Land and Sea Council Aboriginal Corporation,-31.955283,115.743697,Subiaco,Western Australia,Ocean
Water Corporation,08 9268 7000,N/A,,Nhuwala,Yamatji Marlpa Aboriginal Corporation,-20.671939,117.165018,Wickham,Western Australia,Ocean
Water Corporation,08 9358 7400,reception@noongar.org.au,,Wajuk,South West Aboriginal Land and Sea Council Aboriginal Corporation,-32.279165,115.680337,Woodman Point,Western Australia,Ocean
Westernport Water Corporation,03 9770 1273,admin@bunuronglc.org.au,"Dan Turnbull, CEO",Boonwurrung,Bunurong Land Council Aboriginal Corporation,-38.529857,145.221741,Phillip Island,Victoria,Ocean
Whitsunday Regional Council,07 4042 7000,reception@nqlc.com.au,,Giya,North Queensland Land Council,-20.02545,148.26532,Bowen,Queensland,Ocean
Whitsunday Regional Council,07 4042 7000,reception@nqlc.com.au,,Giya,North Queensland Land Council,-20.2653,148.6936,Cannonvale,Queensland,Ocean
Wide Bay Water,07 4124 9144,admin@butchullaaboriginalcorporation.org,,Badtjala,Butchulla Native Title Aboriginal Corporation,-25.264,152.8098,Eli Creek (Hervey Bay),Queensland,Estuarine
Wide Bay Water,07 4124 9144,admin@butchullaaboriginalcorporation.org,,Badtjala,Butchulla Native Title Aboriginal Corporation,-25.51969,152.726,Maryborough,Queensland,River
Wide Bay Water,07 4124 9144,admin@butchullaaboriginalcorporation.org,,Badtjala,Butchulla Native Title Aboriginal Corporation,-25.31254,152.89785,Pulgul Creek,Queensland,Estuarine
